,id,password,last_login,is_superuser,username,first_name,last_name,email,is_staff,is_active,date_joined,address,name,phonenumber,phonenumber_preprocessed
0,1,,,0,fastcampus_001,,,,0,1,2016-01-08 08:31:55.317694,충청북도 염미건군 서덕찬동 6 317동 264호 081-201,사공명,010-2558-1147,01025581147
1,2,,,0,fastcampus_002,,,,0,1,2016-01-08 08:31:55.321081,대구광역시 교솔연시 병범성군 4369 (817-448),장곡빈안,01099097805,01099097805
2,3,,,0,fastcampus_003,,,,0,1,2016-01-08 08:31:55.322623,광주광역시 정명구 보온로 1838 008동 669호 996-986,선한민,01073043451,01073043451
3,4,,,0,fastcampus_004,,,,0,1,2016-01-08 08:31:55.324005,세종특별자치시 양주구 슬무두구 834 (293-194),신찬,01029310404,01029310404
4,5,,,0,fastcampus_005,,,,0,1,2016-01-08 08:31:55.325508,경상북도 리경시 노협안로 8597 398동 525호 176-478,망절석,010-8480-4119,01084804119
5,6,,,0,fastcampus_006,,,,0,1,2016-01-08 08:31:55.326958,인천광역시 하은구 혜진연마을 412 (402-930),우람,010-0400-1504,01004001504
6,7,,,0,fastcampus_007,,,,0,1,2016-01-08 08:31:55.328434,제주특별자치도 주의구 아은원동 6 (411-921),정욱억,01089045859,01089045859
7,8,,,0,fastcampus_008,,,,0,1,2016-01-08 08:31:55.329832,제주특별자치도 증억송마을 규진별시 1555 626동 316호 286-043,장곡욱향,821083638676,01083638676
8,9,,,0,fastcampus_009,,,,0,1,2016-01-08 08:31:55.331271,서울특별시 전슬송시 윤가동 2 203-317,후관소,010-8978-1251,01089781251
9,10,,,0,fastcampus_010,,,,0,1,2016-01-08 08:31:55.332764,전라북도 궉준완구 기힘거리 2 93-0 (346-856),동방용두,821003189156,01003189156
10,11,,,0,fastcampus_011,,,,0,1,2016-01-08 08:31:55.334159,경상북도 가산균마을 금협윤동 4 124동 020호 190-927,영남,01010975992,01010975992
11,12,,,0,fastcampus_012,,,,0,1,2016-01-08 08:31:55.335872,강원도 궉위동시 안창거리 6 70-2 655-935,근민예,01011673110,01011673110
12,13,,,0,fastcampus_013,,,,0,1,2016-01-08 08:31:55.337382,부산광역시 만비준마을 장슬양로 5 446-0 (764-709),독고려찬,010-8774-0183,01087740183
13,14,,,0,fastcampus_014,,,,0,1,2016-01-08 08:31:55.339166,전라남도 범란시 광근동 1 (627-763),묘기,821043960487,01043960487
14,15,,,0,fastcampus_015,,,,0,1,2016-01-08 08:31:55.340678,서울특별시 엽리구 운훈휘동 9 917-2 530-575,진주솔,01069866655,01069866655
15,16,,,0,fastcampus_016,,,,0,1,2016-01-08 08:31:55.342156,경상남도 하순비구 승솔경구 3987 (897-614),안두찬,821051716372,01051716372
16,17,,,0,fastcampus_017,,,,0,1,2016-01-08 08:31:55.343580,경상남도 담완근구 호소람로 3 (723-775),이인하,01036810535,01036810535
17,18,,,0,fastcampus_018,,,,0,1,2016-01-08 08:31:55.344975,부산광역시 동비구 금선순동 885 412-415,삼송향,01047120387,01047120387
18,19,,,0,fastcampus_019,,,,0,1,2016-01-08 08:31:55.346483,울산광역시 차해미마을 하건유거리 6 (786-177),환세,01080686238,01080686238
19,20,,,0,fastcampus_020,,,,0,1,2016-01-08 08:31:55.347874,세종특별자치시 장기두시 왕원진로 920 8-8 (449-245),노은림,821030337346,01030337346
20,21,,,0,fastcampus_021,,,,0,1,2016-01-08 08:31:55.349323,강원도 소봉형송시 림금준마을 262 910 (625-949),인창통,01041385693,01041385693
21,22,,,0,fastcampus_022,,,,0,1,2016-01-08 08:31:55.350808,경상남도 하재마을 묵수두로 9 376-156,편빈대,821031053421,01031053421
22,23,,,0,fastcampus_023,,,,0,1,2016-01-08 08:31:55.352284,전라북도 한인마을 양휘강거리 323 250동 658호 316-031,묵창,01062581404,01062581404
23,24,,,0,fastcampus_024,,,,0,1,2016-01-08 08:31:55.353672,광주광역시 희종마을 균용구시 0330 047 180-233,독고은,821090032127,01090032127
24,25,,,0,fastcampus_025,,,,0,1,2016-01-08 08:31:55.355120,전라남도 림관군 명예경동 744 613동 716호 (240-622),옹승훈,821032591823,01032591823
25,26,,,0,fastcampus_026,,,,0,1,2016-01-08 08:31:55.356510,경기도 한도군 지연정거리 3106 (651-602),소다,01087881449,01087881449
26,27,,,0,fastcampus_027,,,,0,1,2016-01-08 08:31:55.357966,충청남도 조훈진군 안순동 1421 282-217,강윤향,01096582793,01096582793
27,28,,,0,fastcampus_028,,,,0,1,2016-01-08 08:31:55.359417,부산광역시 강전호철시 금소거리 404 128-656,성석해,01086482940,01086482940
28,29,,,0,fastcampus_029,,,,0,1,2016-01-08 08:31:55.360945,광주광역시 아창군 권별동 252 684 936-424,성보도,01095617772,01095617772
29,30,,,0,fastcampus_030,,,,0,1,2016-01-08 08:31:55.362521,전라남도 유철완마을 신태안거리 243 443-0 020-724,영우련,01084834138,01084834138
30,31,,,0,fastcampus_031,,,,0,1,2016-01-08 08:31:55.364177,경기도 준경순군 익별선구 468 25-7 904-745,배병위,010-6509-2901,01065092901
31,32,,,0,fastcampus_032,,,,0,1,2016-01-08 08:31:55.366182,전라남도 장범철군 효열동 9 426-935,승창,01020718291,01020718291
32,33,,,0,fastcampus_033,,,,0,1,2016-01-08 08:31:55.367968,울산광역시 증경준구 망절란범동 9 436동 061호 989-781,선우힘힘,821029642663,01029642663
33,34,,,0,fastcampus_034,,,,0,1,2016-01-08 08:31:55.370065,부산광역시 옥향비마을 남두온시 3 004동 591호 (825-771),선균관,01059915782,01059915782
34,35,,,0,fastcampus_035,,,,0,1,2016-01-08 08:31:55.371911,충청남도 양다대시 장란려거리 458 (291-969),왕광,821084908094,01084908094
35,36,,,0,fastcampus_036,,,,0,1,2016-01-08 08:31:55.373483,전라남도 고광다마을 보근로 300 022-8 (349-537),박범유,01036657513,01036657513
36,37,,,0,fastcampus_037,,,,0,1,2016-01-08 08:31:55.375145,경기도 묵열대구 란창동 2021 8-4 906-168,묵힘,01047963185,01047963185
37,38,,,0,fastcampus_038,,,,0,1,2016-01-08 08:31:55.376772,서울특별시 호욱영시 영화동 401 59-9 (032-194),성홍,821056338516,01056338516
38,39,,,0,fastcampus_039,,,,0,1,2016-01-08 08:31:55.378171,전라남도 변엽혁마을 덕화비구 358 52-7 (901-163),전아민,010-1980-2228,01019802228
39,40,,,0,fastcampus_040,,,,0,1,2016-01-08 08:31:55.379754,대전광역시 제갈두찬군 우병화시 0286 (229-804),천준종,821026338053,01026338053
40,41,,,0,fastcampus_041,,,,0,1,2016-01-08 08:31:55.381168,경기도 해해마을 련가선동 6812 95-7 (702-103),신솔온,01003324903,01003324903
41,42,,,0,fastcampus_042,,,,0,1,2016-01-08 08:31:55.382659,세종특별자치시 아비시 조무해거리 011 715동 623호 866-367,심용규,01066423937,01066423937
42,43,,,0,fastcampus_043,,,,0,1,2016-01-08 08:31:55.384045,광주광역시 두별마을 온병로 9 908 582-479,박광,01047251218,01047251218
43,44,,,0,fastcampus_044,,,,0,1,2016-01-08 08:31:55.385499,부산광역시 선혁군 창힘우로 0238 969-167,성금,821090284953,01090284953
44,45,,,0,fastcampus_045,,,,0,1,2016-01-08 08:31:55.386905,서울특별시 노림정마을 삼비도거리 9 14-2 (732-235),사공리의,821092426208,01092426208
45,46,,,0,fastcampus_046,,,,0,1,2016-01-08 08:31:55.388370,전라북도 다덕마을 해란로 4 704 598-967,유규순,01011068210,01011068210
46,47,,,0,fastcampus_047,,,,0,1,2016-01-08 08:31:55.389775,전라남도 억강시 아안거리 3417 471동 844호 (702-457),진혁,01016415655,01016415655
47,48,,,0,fastcampus_048,,,,0,1,2016-01-08 08:31:55.391214,대전광역시 도윤구마을 다원의구 4406 65-8 930-187,삼석,01041231824,01041231824
48,49,,,0,fastcampus_049,,,,0,1,2016-01-08 08:31:55.392634,강원도 함예병군 명비통로 851 84-2 791-751,소억,01006172224,01006172224
49,50,,,0,fastcampus_050,,,,0,1,2016-01-08 08:31:55.395051,서울특별시 임권준군 미하거리 812 (741-864),기광,821062785818,01062785818
50,51,,,0,fastcampus_051,,,,0,1,2016-01-08 08:31:55.396420,울산광역시 려동군 찬위슬거리 963 215-223,묵예건,010-2403-7789,01024037789
51,52,,,0,fastcampus_052,,,,0,1,2016-01-08 08:31:55.397955,울산광역시 판무동마을 병환병동 5972 121-077,윤구,01058601763,01058601763
52,53,,,0,fastcampus_053,,,,0,1,2016-01-08 08:31:55.400045,강원도 힘구마을 솔솔준동 721 26-3 592-540,차지황,010-4698-7029,01046987029
53,54,,,0,fastcampus_054,,,,0,1,2016-01-08 08:31:55.402022,인천광역시 위솔구 예홍가동 9940 2-2 355-096,진무,010-5930-1769,01059301769
54,55,,,0,fastcampus_055,,,,0,1,2016-01-08 08:31:55.403913,대구광역시 천현예마을 왕광세거리 385 882-070,임유구,01000943775,01000943775
55,56,,,0,fastcampus_056,,,,0,1,2016-01-08 08:31:55.405219,충청북도 삼균철구 승근슬동 506 684-571,창안,01049216225,01049216225
56,57,,,0,fastcampus_057,,,,0,1,2016-01-08 08:31:55.406508,제주특별자치도 온강마을 찬준거리 182 446-5 612-581,애효영,010-2883-6406,01028836406
57,58,,,0,fastcampus_058,,,,0,1,2016-01-08 08:31:55.407812,전라북도 도세남시 초협범동 4056 17-1 (118-462),전구,01001943854,01001943854
58,59,,,0,fastcampus_059,,,,0,1,2016-01-08 08:31:55.409279,울산광역시 육별하시 하온동 7 (174-204),진다하,01096437210,01096437210
59,60,,,0,fastcampus_060,,,,0,1,2016-01-08 08:31:55.410794,전라남도 안두구 광상로 6 957-1 (256-569),양휘승,821045019408,01045019408
60,61,,,0,fastcampus_061,,,,0,1,2016-01-08 08:31:55.412208,대전광역시 홍다시 교림혜거리 671 816동 381호 130-556,선순,01095670920,01095670920
61,62,,,0,fastcampus_062,,,,0,1,2016-01-08 08:31:55.413823,경기도 나연금구 승상보군 9 886동 711호 (713-267),엄려승,01053991195,01053991195
62,63,,,0,fastcampus_063,,,,0,1,2016-01-08 08:31:55.415247,충청북도 림형마을 윤빈남로 0 080동 981호 (832-901),황보혁,010-6578-1927,01065781927
63,64,,,0,fastcampus_064,,,,0,1,2016-01-08 08:31:55.416648,대구광역시 열철시 해규동 752 7-5 052-740,양주,821069667166,01069667166
64,65,,,0,fastcampus_065,,,,0,1,2016-01-08 08:31:55.418077,광주광역시 산무구 순형경로 8059 2-4 (016-933),장곡상,01010564202,01010564202
65,66,,,0,fastcampus_066,,,,0,1,2016-01-08 08:31:55.419439,전라북도 덕미구 강려거리 587 (872-897),배려,010-8104-2927,01081042927
66,67,,,0,fastcampus_067,,,,0,1,2016-01-08 08:31:55.421158,충청북도 화기시 려의로 5344 (851-671),환철,01079112071,01079112071
67,68,,,0,fastcampus_068,,,,0,1,2016-01-08 08:31:55.422686,광주광역시 병빈군 훈희비군 5762 750 810-595,하찬,821046011046,01046011046
68,69,,,0,fastcampus_069,,,,0,1,2016-01-08 08:31:55.424241,전라북도 협효구 동용형마을 336 978동 602호 (269-792),구람순,010-8566-0346,01085660346
69,70,,,0,fastcampus_070,,,,0,1,2016-01-08 08:31:55.425816,부산광역시 려익구 광림동 745 8-3 (997-043),마협,01031777338,01031777338
70,71,,,0,fastcampus_071,,,,0,1,2016-01-08 08:31:55.427256,서울특별시 상미시 민양거리 844 836-3 (222-051),배용태,01015031602,01015031602
71,72,,,0,fastcampus_072,,,,0,1,2016-01-08 08:31:55.428793,대전광역시 조슬호구 무향현동 2152 (022-969),이황별,821002046215,01002046215
72,73,,,0,fastcampus_073,,,,0,1,2016-01-08 08:31:55.430445,부산광역시 여소주시 권한다거리 0452 3-7 (148-056),조효,821094667090,01094667090
73,74,,,0,fastcampus_074,,,,0,1,2016-01-08 08:31:55.432527,강원도 윤관안시 훈근로 6 559-795,모통소,01033192902,01033192902
74,75,,,0,fastcampus_075,,,,0,1,2016-01-08 08:31:55.434229,대전광역시 현수군 도준혜구 5 390 537-411,경인리,010-3192-9173,01031929173
75,76,,,0,fastcampus_076,,,,0,1,2016-01-08 08:31:55.436104,대전광역시 범혁군 묵유익로 229 40-6 (136-515),담아,821085320918,01085320918
76,77,,,0,fastcampus_077,,,,0,1,2016-01-08 08:31:55.437724,충청남도 남향군 홍석도군 4214 7-8 491-842,왕혜,010-2103-1060,01021031060
77,78,,,0,fastcampus_078,,,,0,1,2016-01-08 08:31:55.438997,경상북도 제갈광비군 슬소기동 2339 296동 870호 (946-121),팽예권,01095810090,01095810090
78,79,,,0,fastcampus_079,,,,0,1,2016-01-08 08:31:55.440470,전라북도 임유권군 후혁경마을 2 (852-559),누관림,01072838082,01072838082
79,80,,,0,fastcampus_080,,,,0,1,2016-01-08 08:31:55.441867,부산광역시 어금승군 빈원희구 777 777-0 (233-921),요황,010-2660-1296,01026601296
80,81,,,0,fastcampus_081,,,,0,1,2016-01-08 08:31:55.443444,부산광역시 두한시 철종별로 0776 (653-661),제가,01012158514,01012158514
81,82,,,0,fastcampus_082,,,,0,1,2016-01-08 08:31:55.444891,경기도 통홍마을 의진정구 314 677동 530호 (644-550),조훈,010-1108-3955,01011083955
82,83,,,0,fastcampus_083,,,,0,1,2016-01-08 08:31:55.446314,대전광역시 모선리구 구경지동 2 6-9 (904-625),문기,01085274671,01085274671
83,84,,,0,fastcampus_084,,,,0,1,2016-01-08 08:31:55.447761,전라남도 임동빈군 조창남거리 393 (307-227),부해인,01089293235,01089293235
84,85,,,0,fastcampus_085,,,,0,1,2016-01-08 08:31:55.449195,세종특별자치시 병한구 문윤억거리 135 597-380,민후소,01077170262,01077170262
85,86,,,0,fastcampus_086,,,,0,1,2016-01-08 08:31:55.450753,경기도 제은효시 지건로 895 74-7 (373-482),부통,01029784006,01029784006
86,87,,,0,fastcampus_087,,,,0,1,2016-01-08 08:31:55.452176,부산광역시 연하상시 윤덕별동 667 866-501,박권,010-0276-5947,01002765947
87,88,,,0,fastcampus_088,,,,0,1,2016-01-08 08:31:55.453572,서울특별시 용선예구 상원위거리 0 716-5 (464-882),추도,010-9953-3196,01099533196
88,89,,,0,fastcampus_089,,,,0,1,2016-01-08 08:31:55.454987,울산광역시 허덕창군 선소의로 9 758동 217호 (288-470),동방안승,01049443691,01049443691
89,90,,,0,fastcampus_090,,,,0,1,2016-01-08 08:31:55.456376,충청북도 원균가마을 준보거리 1 (722-086),문인,010-7822-0091,01078220091
90,91,,,0,fastcampus_091,,,,0,1,2016-01-08 08:31:55.457765,대전광역시 가경환시 엽권도거리 059 (827-535),신익,01038324160,01038324160
91,92,,,0,fastcampus_092,,,,0,1,2016-01-08 08:31:55.459303,경기도 양덕철마을 송예철거리 834 (059-539),소봉솔별,821003005234,01003005234
92,93,,,0,fastcampus_093,,,,0,1,2016-01-08 08:31:55.460824,서울특별시 미진구 별혁힘로 7296 082동 863호 031-010,구힘병,01049576628,01049576628
93,94,,,0,fastcampus_094,,,,0,1,2016-01-08 08:31:55.462362,경상남도 홍위규군 담향금동 911 319-2 (798-563),심림,01046850816,01046850816
94,95,,,0,fastcampus_095,,,,0,1,2016-01-08 08:31:55.463844,전라남도 한슬군 정권아동 304 293-070,길보,010-7291-5964,01072915964
95,96,,,0,fastcampus_096,,,,0,1,2016-01-08 08:31:55.465998,경상남도 종혁혁군 비재우구 3162 208동 534호 475-678,황보유,821060306353,01060306353
96,97,,,0,fastcampus_097,,,,0,1,2016-01-08 08:31:55.467565,충청북도 홍근마을 지태거리 3045 (017-635),부기,010-5409-2877,01054092877
97,98,,,0,fastcampus_098,,,,0,1,2016-01-08 08:31:55.469342,경상북도 위열시 승소소로 0537 835 (668-653),독고힘석,01048830602,01048830602
98,99,,,0,fastcampus_099,,,,0,1,2016-01-08 08:31:55.470918,강원도 상혁마을 명하거리 1 016동 996호 (396-354),채경석,01064622905,01064622905
99,100,,,0,fastcampus_100,,,,0,1,2016-01-08 08:31:55.472323,충청남도 규병시 윤선동 7 334-833,자환,8210307482102,01030740102
